Workbook

Sheet Assumptions
A1: Voice Stage — Assumptions
A2: Blue cells are inputs. Edit them to flex the model.
A4: Rates
A5: Founder review rate (USD/hr) | B5: 50 | C5: USD/hr | D5: Your opportunity cost
A6: Mid-senior backend (MX, USD/hr) | B6: 30 | C6: USD/hr | D6: Reference; not used in this plan
A7: Mobile contractor (LATAM, USD/hr) | B7: 90 | C7: USD/hr | D7: Reference; used in optional 'human Phase 3' scenario
A8: Claude API — build
A9: Sonnet 4.6 input ($/1M tok) | B9: 3 | C9: USD
A10: Sonnet 4.6 output ($/1M tok) | B10: 15 | C10: USD
A11: Haiku 4.5 input ($/1M tok) | B11: 0.8 | C11: USD
A12: Haiku 4.5 output ($/1M tok) | B12: 4 | C12: USD
A13: Build tokens per Claude-hour (K) | B13: 25 | C13: K tokens | D13: Agentic-coding throughput
A14: Build I/O split (input share) | B14: 0.7 | C14: % | D14: Code reads vs writes
A15: Voice runtime — per active tester
A16: Active testers (count) | B16: 8 | C16: count | D16: Mid of 5-10
A17: Voice minutes per tester per day | B17: 6 | C17: min | D17: Real-world conversational use
A18: Active days per month | B18: 16 | C18: days | D18: Working days actually using
A19: Avg Claude tokens per voice turn | B19: 1800 | C19: tokens | D19: Haiku-dominant
A20: Voice turns per minute | B20: 1.4 | C20: count | D20: User+agent speech, alternating
A21: Sonnet share of voice turns | B21: 0.1 | C21: % | D21: Escalations only
A22: Haiku share of voice turns | B22: 0.9 | C22: % | D22: Default tier
A23: Deepgram Nova-2 ($/min) | B23: 0.0043 | C23: USD/min | D23: es-MX streaming
A24: ElevenLabs Flash ($/1K chars) | B24: 0.3 | C24: USD | D24: Multilingual es-MX
A25: Chars per voice reply | B25: 220 | C25: count | D25: Avg agent reply length spoken
A26: Cloud / SaaS (monthly)
A27: Fly.io (compute + Postgres + Redis) | B27: 130 | C27: USD/mo | D27: Larger than MVP — voice gateway + websockets
A28: Domain + Cloudflare | B28: 2 | C28: USD/mo
A29: Auth0 (B2C essentials) | B29: 25 | C29: USD/mo | D29: Phone OTP needs paid plan above free
A30: Langfuse self-hosted on Fly | B30: 25 | C30: USD/mo | D30: Slightly bigger VM
A31: Sentry team plan | B31: 25 | C31: USD/mo | D31: Mobile crash reporting included
A32: WhatsApp Cloud (first 1K conv free) | B32: 0 | C32: USD/mo | D32: Then $0.005-0.02/conv
A33: Twilio SMS fallback | B33: 25 | C33: USD/mo | D33: MX A2P
A34: S3/Tigris audit (WORM) | B34: 8 | C34: USD/mo | D34: 7-year retention starts small
A35: Mobile EAS Build (Expo) | B35: 19 | C35: USD/mo | D35: Hobby plan covers TestFlight builds
A36: Apple Developer Program (amortized) | B36: 9 | C36: USD/mo | D36: $99/yr ÷ 12
A37: Google Play Console (amortized) | B37: 2 | C37: USD/mo | D37: $25 one-time, amortized
A38: Buffers
A39: Engineering buffer % | B39: 0.2 | C39: % | D39: +20% on top of estimates
A40: API spend buffer % | B40: 0.5 | C40: % | D40: +50% on top of token estimates

Sheet Workstreams
A1: Workstreams — Build Cost per Item
A2: Phase-grouped. Claude does the engineering; you review and integrate.
A4: Phase | B4: Workstream | C4: Pri | D4: Claude h | E4: Founder h | F4: API cost | G4: Founder cost | H4: Total | I4: Notes
A5: 1 | B5: Repo bootstrap, CI, secrets, Fly account, domain | C5: MUST | D5: 6 | E5: 2 | F5: =D5*Assumptions!$B$13*1000/1000000*(Assumptions!$B$14*Assumptions!$B$9+(1-Assumptions!$B$14)*Assumptions!$B$10)*(1+Assumptions!$B$40) -> 1.485 | G5: =E5*Assumptions!$B$5*(1+Assumptions!$B$39) -> 120 | H5: =F5+G5 -> 121.485 | I5: GitHub repo, EAS workspace, fly orgs, Cloudflare zone, DNS.
A6: 1 | B6: Port domain services (listings/matching/scheduling/documents/payments/comms) | C6: MUST | D6: 18 | E6: 4 | F6: =D6*Assumptions!$B$13*1000/1000000*(Assumptions!$B$14*Assumptions!$B$9+(1-Assumptions!$B$14)*Assumptions!$B$10)*(1+Assumptions!$B$40) -> 4.455 | G6: =E6*Assumptions!$B$5*(1+Assumptions!$B$39) -> 240 | H6: =F6+G6 -> 244.455 | I6: Mostly verbatim from MVP; lift SQLite→Postgres+pgvector for listings.
A7: 1 | B7: Postgres + Redis on Fly with managed connection pooling | C7: MUST | D7: 8 | E7: 2 | F7: =D7*Assumptions!$B$13*1000/1000000*(Assumptions!$B$14*Assumptions!$B$9+(1-Assumptions!$B$14)*Assumptions!$B$10)*(1+Assumptions!$B$40) -> 1.98 | G7: =E7*Assumptions!$B$5*(1+Assumptions!$B$39) -> 120 | H7: =F7+G7 -> 121.98 | I7: pgvector enabled, prisma-style migrations checked into repo.
A8: 1 | B8: Orchestrator → Claude Agent SDK harness (realestate + locator + audit) | C8: MUST | D8: 22 | E8: 6 | F8: =D8*Assumptions!$B$13*1000/1000000*(Assumptions!$B$14*Assumptions!$B$9+(1-Assumptions!$B$14)*Assumptions!$B$10)*(1+Assumptions!$B$40) -> 5.445 | G8: =E8*Assumptions!$B$5*(1+Assumptions!$B$39) -> 360 | H8: =F8+G8 -> 365.445 | I8: The core SDK migration. Carries the 161 assertions as the contract.
A9: 1 | B9: Hooks: pii_redaction, spend_caps, audit_log, trace_emit | C9: MUST | D9: 10 | E9: 3 | F9: =D9*Assumptions!$B$13*1000/1000000*(Assumptions!$B$14*Assumptions!$B$9+(1-Assumptions!$B$14)*Assumptions!$B$10)*(1+Assumptions!$B$40) -> 2.475 | G9: =E9*Assumptions!$B$5*(1+Assumptions!$B$39) -> 180 | H9: =F9+G9 -> 182.475 | I9: Presidio + es-MX NER; per-tenant per-day caps; WORM audit emit.
A10: 1 | B10: Streaming endpoint /agent/run/stream (SSE) | C10: MUST | D10: 6 | E10: 2 | F10: =D10*Assumptions!$B$13*1000/1000000*(Assumptions!$B$14*Assumptions!$B$9+(1-Assumptions!$B$14)*Assumptions!$B$10)*(1+Assumptions!$B$40) -> 1.485 | G10: =E10*Assumptions!$B$5*(1+Assumptions!$B$39) -> 120 | H10: =F10+G10 -> 121.485 | I10: Token-level events compatible with voice gateway.
A11: 1 | B11: Adapt 161 assertions to SDK behavior contract | C11: MUST | D11: 10 | E11: 3 | F11: =D11*Assumptions!$B$13*1000/1000000*(Assumptions!$B$14*Assumptions!$B$9+(1-Assumptions!$B$14)*Assumptions!$B$10)*(1+Assumptions!$B$40) -> 2.475 | G11: =E11*Assumptions!$B$5*(1+Assumptions!$B$39) -> 180 | H11: =F11+G11 -> 182.475 | I11: Preserve every existing test; add streaming + hook tests.
A12: 2 | B12: voice-gateway scaffold (FastAPI + WebSocket) | C12: MUST | D12: 6 | E12: 2 | F12: =D12*Assumptions!$B$13*1000/1000000*(Assumptions!$B$14*Assumptions!$B$9+(1-Assumptions!$B$14)*Assumptions!$B$10)*(1+Assumptions!$B$40) -> 1.485 | G12: =E12*Assumptions!$B$5*(1+Assumptions!$B$39) -> 120 | H12: =F12+G12 -> 121.485 | I12: Accept/return bidirectional audio + control JSON.
A13: 2 | B13: Deepgram Nova-2 es-MX streaming adapter | C13: MUST | D13: 6 | E13: 2 | F13: =D13*Assumptions!$B$13*1000/1000000*(Assumptions!$B$14*Assumptions!$B$9+(1-Assumptions!$B$14)*Assumptions!$B$10)*(1+Assumptions!$B$40) -> 1.485 | G13: =E13*Assumptions!$B$5*(1+Assumptions!$B$39) -> 120 | H13: =F13+G13 -> 121.485 | I13: WS client; partial→final reroute; VAD-based end-of-speech.
A14: 2 | B14: ElevenLabs Flash streaming TTS adapter | C14: MUST | D14: 6 | E14: 2 | F14: =D14*Assumptions!$B$13*1000/1000000*(Assumptions!$B$14*Assumptions!$B$9+(1-Assumptions!$B$14)*Assumptions!$B$10)*(1+Assumptions!$B$40) -> 1.485 | G14: =E14*Assumptions!$B$5*(1+Assumptions!$B$39) -> 120 | H14: =F14+G14 -> 121.485 | I14: TTS-friendly phrase chunking; pause for tool calls.
A15: 2 | B15: Pipeline orchestrator (STT→agent→TTS bridge) | C15: MUST | D15: 8 | E15: 3 | F15: =D15*Assumptions!$B$13*1000/1000000*(Assumptions!$B$14*Assumptions!$B$9+(1-Assumptions!$B$14)*Assumptions!$B$10)*(1+Assumptions!$B$40) -> 1.98 | G15: =E15*Assumptions!$B$5*(1+Assumptions!$B$39) -> 180 | H15: =F15+G15 -> 181.98 | I15: Latency budget enforcement; backpressure handling.
A16: 2 | B16: Barge-in + cancel + WS reconnect logic | C16: SHOULD | D16: 8 | E16: 3 | F16: =D16*Assumptions!$B$13*1000/1000000*(Assumptions!$B$14*Assumptions!$B$9+(1-Assumptions!$B$14)*Assumptions!$B$10)*(1+Assumptions!$B$40) -> 1.98 | G16: =E16*Assumptions!$B$5*(1+Assumptions!$B$39) -> 180 | H16: =F16+G16 -> 181.98 | I16: VAD on inbound mic while TTS playing; <200ms cancel.
... A32: 4 | B32: 3 internal testers full flow over 48h + bug bash | C32: MUST | D32: 4 | E32: 8 | F32: =D32*Assumptions!$B$13*1000/1000000*(Assumptions!$B$14*Assumptions!$B$9+(1-Assumptions!$B$14)*Assumptions!$B$10)*(1+Assumptions!$B$40) -> 0.99 | G32: =E32*Assumptions!$B$5*(1+Assumptions!$B$39) -> 480 | H32: =F32+G32 -> 480.99 | I32: Real devices, real LTE in CDMX; document P0/P1/P2.
B33: TOTAL | D33: =SUM(D5:D32) -> 234 | E33: =SUM(E5:E32) -> 87 | F33: =SUM(F5:F32) -> 57.915 | G33: =SUM(G5:G32) -> 5220 | H33: =SUM(H5:H32) -> 5277.915
B36: Phase 1 | D36: =SUMIF(A5:A32,1,D5:D32) -> 80 | E36: =SUMIF(A5:A32,1,E5:E32) -> 22 | F36: =SUMIF(A5:A32,1,F5:F32) -> 19.8 | G36: =SUMIF(A5:A32,1,G5:G32) -> 1320 | H36: =SUMIF(A5:A32,1,H5:H32) -> 1339.8
B37: Phase 2 | D37: =SUMIF(A5:A32,2,D5:D32) -> 38 | E37: =SUMIF(A5:A32,2,E5:E32) -> 14 | F37: =SUMIF(A5:A32,2,F5:F32) -> 9.405 | G37: =SUMIF(A5:A32,2,G5:G32) -> 840 | H37: =SUMIF(A5:A32,2,H5:H32) -> 849.405
B38: Phase 3 | D38: =SUMIF(A5:A32,3,D5:D32) -> 66 | E38: =SUMIF(A5:A32,3,E5:E32) -> 23 | F38: =SUMIF(A5:A32,3,F5:F32) -> 16.335 | G38: =SUMIF(A5:A32,3,G5:G32) -> 1380 | H38: =SUMIF(A5:A32,3,H5:H32) -> 1396.335
B39: Phase 4 | D39: =SUMIF(A5:A32,4,D5:D32) -> 50 | E39: =SUMIF(A5:A32,4,E5:E32) -> 28 | F39: =SUMIF(A5:A32,4,F5:F32) -> 12.375 | G39: =SUMIF(A5:A32,4,G5:G32) -> 1680 | H39: =SUMIF(A5:A32,4,H5:H32) -> 1692.375

Sheet Runtime
A1: Runtime — Monthly Cost During Testing
A2: Formula-driven from Assumptions.
A4: Item | B4: USD / mo | C4: Notes
A5: Voice volume metrics
A6: Voice minutes per month | B6: =Assumptions!$B$16*Assumptions!$B$17*Assumptions!$B$18 -> 768 | C6: testers × min/d × days/mo
A7: Voice turns per month | B7: =B6*Assumptions!$B$20 -> 1075.2
A8: Spoken reply characters per month | B8: =B7*Assumptions!$B$25 -> 236544
A10: AI tokens (Claude)
A11: Sonnet $ (60% in / 40% out) | B11: =B7*Assumptions!$B$21*Assumptions!$B$19*(0.6/1000000*Assumptions!$B$9+0.4/1000000*Assumptions!$B$10)*(1+Assumptions!$B$40) -> 2.2643712
A12: Haiku $ (60% in / 40% out) | B12: =B7*Assumptions!$B$22*Assumptions!$B$19*(0.6/1000000*Assumptions!$B$11+0.4/1000000*Assumptions!$B$12)*(1+Assumptions!$B$40) -> 5.4344909
A13: Voice STT / TTS
A14: Deepgram STT (Nova-2 es-MX) | B14: =B6*Assumptions!$B$23 -> 3.3024
A15: ElevenLabs Flash TTS (es-MX) | B15: =B8/1000*Assumptions!$B$24 -> 70.9632
A16: AI + Voice subtotal | B16: =B11+B12+B14+B15 -> 81.964462
A18: Cloud + SaaS
A19: Fly.io | B19: =Assumptions!B27 -> 130
A20: Domain + Cloudflare | B20: =Assumptions!B28 -> 2
A21: Auth0 | B21: =Assumptions!B29 -> 25
A22: Langfuse | B22: =Assumptions!B30 -> 25
A23: Sentry | B23: =Assumptions!B31 -> 25
A24: WhatsApp Cloud | B24: =Assumptions!B32 -> 0
A25: Twilio SMS | B25: =Assumptions!B33 -> 25
A26: S3/Tigris WORM | B26: =Assumptions!B34 -> 8
A27: Expo EAS Build | B27: =Assumptions!B35 -> 19
A28: Apple Developer (amort) | B28: =Assumptions!B36 -> 9
A29: Google Play (amort) | B29: =Assumptions!B37 -> 2
A30: Cloud + SaaS subtotal | B30: =SUM(B19:B29) -> 270
A32: TOTAL monthly burn while testing | B32: =B16+B30 -> 351.96446
A33: Per-tester per-month | B33: =(B16)/Assumptions!$B$16 -> 10.245558 | C33: Variable AI + voice per tester

Sheet Phase Plan
A1: 8-Week Phase Plan
A2: Costs roll up from Workstreams via SUMIF on phase number.
A4: Phase | B4: Weeks | C4: Theme | D4: Claude h | E4: Founder h | F4: Cost | G4: Exit criteria
A5: Phase 1 | B5: 1-2 | C5: Backend on the SDK harness | D5: =SUMIF(Workstreams!A:A,1,Workstreams!D:D) -> 80 | E5: =SUMIF(Workstreams!A:A,1,Workstreams!E:E) -> 22 | F5: =SUMIF(Workstreams!A:A,1,Workstreams!H:H) -> 1339.8 | G5: Services on Fly; orchestrator on Claude Agent SDK; 161+ tests green; SSE stream live.
A6: Phase 2 | B6: 3-4 | C6: Voice gateway service | D6: =SUMIF(Workstreams!A:A,2,Workstreams!D:D) -> 38 | E6: =SUMIF(Workstreams!A:A,2,Workstreams!E:E) -> 14 | F6: =SUMIF(Workstreams!A:A,2,Workstreams!H:H) -> 849.405 | G6: WS audio in/out; Deepgram+ElevenLabs; P50 latency ≤ 1.5s; barge-in works.
A7: Phase 3 | B7: 5-6 | C7: Mobile app skeleton (RN + Expo) | D7: =SUMIF(Workstreams!A:A,3,Workstreams!D:D) -> 66 | E7: =SUMIF(Workstreams!A:A,3,Workstreams!E:E) -> 23 | F7: =SUMIF(Workstreams!A:A,3,Workstreams!H:H) -> 1396.335 | G7: iOS + Android builds; mic + speaker; PTT UX; cards render; E2E flow on real device.
A8: Phase 4 | B8: 7-8 | C8: Identity + compliance + tester onboarding | D8: =SUMIF(Workstreams!A:A,4,Workstreams!D:D) -> 50 | E8: =SUMIF(Workstreams!A:A,4,Workstreams!E:E) -> 28 | F8: =SUMIF(Workstreams!A:A,4,Workstreams!H:H) -> 1692.375 | G8: Phone OTP; LFPDPPP consent; DSAR; WA Cloud; audit trail; 3 testers signed off.
A9: TOTAL | B9: 1-8 | C9: Stage + testers | D9: =SUM(D5:D8) -> 234 | E9: =SUM(E5:E8) -> 87 | F9: =SUM(F5:F8) -> 5277.915 | G9: Ready for external testers

Sheet Summary
A1: Voice Stage — Cost Summary
A2: All numbers are formulas. Edit Assumptions to flex.
B4: Value | C4: Notes
A5: Build (Claude does engineering, you review)
A6: Claude hours total | B6: =Workstreams!$D$33 -> 234
A7: API spend (Sonnet-priced) | B7: =Workstreams!$F$33 -> 57.915
A8: Your review + integration cost | B8: =Workstreams!$G$33 -> 5220
A9: Build TOTAL one-time | B9: =Workstreams!$H$33 -> 5277.915
A11: Runtime while testing
A12: Monthly burn | B12: =Runtime!$B$32 -> 351.96446 | C12: All-in
A13: 3-month testing window | B13: =3*Runtime!$B$32 -> 1055.8934
A14: Build + 3 months | B14: =Workstreams!$H$33+3*Runtime!$B$32 -> 6333.8084
A16: Reference — same scope with humans (no Claude)
A17: If MX backend engineer does the work | B17: =Workstreams!$D$33*Assumptions!$B$6+Workstreams!$G$33*0.6 -> 10152 | C17: Reference: in-house cost only
A18: If mobile contractor does Phase 3 only | B18: =SUMIF(Workstreams!A:A,3,Workstreams!D:D)*Assumptions!$B$7 -> 5940 | C18: Reference: hire a RN contractor for the app work
A19: Savings — Claude path vs MX engineer | B19: =(Workstreams!$D$33*Assumptions!$B$6+Workstreams!$G$33*0.6)-Workstreams!$H$33 -> 4874.085
A21: Per-tester economics
A22: AI + voice variable cost / tester / month | B22: =Runtime!B16/Assumptions!$B$16 -> 10.245558 | C22: Token + STT + TTS only
A23: All-in cost / tester / month (incl. cloud + SaaS) | B23: =Runtime!$B$32/Assumptions!$B$16 -> 43.995558 | C23: What it costs to keep one tester active

Sheet Decision Gates
A1: Decision Gates — Pre-committed Go/No-Go
A2: Use these instead of arguing in the moment.
A4: When | B4: Decision | C4: If no — what to cut
A5: End of Week 1 | B5: SDK harness passing ported 161 tests? | C5: Slip Week 2; don't start streaming on red tests.
A6: End of Week 2 | B6: Streaming endpoint emitting hooks correctly? | C6: Defer barge-in to Week 4; keep voice simpler.
A7: End of Week 3 | B7: Deepgram + ElevenLabs latency ≤ 1.5s locally? | C7: Downgrade to Cartesia TTS; accept higher latency for first wave.
A8: End of Week 4 | B8: Voice gateway stable under barge-in + reconnect? | C8: Ship without barge-in; testers will tolerate; fix in Week 7 slack.
A9: End of Week 5 | B9: iOS build on real device with audio working? | C9: Deprioritize Android; ship iOS-first to smaller cohort.
A10: End of Week 6 | B10: E2E voice flow hits 1.5s P50 on real LTE? | C10: If 1.8-2.0s, ship; if >2.5s, MX-region edge or Haiku-only routing.
A11: End of Week 7 | B11: LFPDPPP review clean, Auth0 sufficient? | C11: Swap Auth0→Cognito (1-day pivot); defer LFPDPPP polish 3 days.
A12: Mid Week 8 | B12: Three internal testers comfortable? | C12: Delay external testers 1 week; better than poisoning first impression.
